Date,Hour,Gen_Agus1_Unit1_MW,Gen_Agus1_Unit2_MW,Gen_Agus2_Unit1_MW,Gen_Agus2_Unit2_MW,Gen_Agus2_Unit3_MW,Gen_Agus4_Unit1_MW,Gen_Agus4_Unit2_MW,Gen_Agus4_Unit3_MW,Gen_Agus5_Unit1_MW,Gen_Agus5_Unit2_MW,Gen_Agus6_Unit1_MW,Gen_Agus6_Unit2_MW,Gen_Agus6_Unit3_MW,Gen_Agus6_Unit4_MW,Gen_Agus6_Unit5_MW,Gen_Agus7_Unit1_MW,Gen_Agus7_Unit2_MW,Total_Gen_Agus1_MW,Total_Gen_Agus2_MW,Total_Gen_Agus4_MW,Total_Gen_Agus5_MW,Total_Gen_Agus6_MW,Total_Gen_Agus7_MW,Total_Cascade_Generation_MW
2025-07-01,00:00,30.92321839471665,29.8515902110437,40.24027645506479,38.63076007869193,51.04056526559137,47.51784632107597,45.07584900922375,48.06720466967701,21.45359415377609,21.26313784610748,34.5,0,47.1188927421153,28.1443895558854,47.78296770197598,22.1698603010651,21.90973969893491,60.77480860576034,129.9116017993481,140.6608999999767,42.71673199988358,157.5462499999767,44.0796,575.6898924049455
2025-07-01,1:00,30.85422728469485,29.90401955025531,40.30785387394292,38.10323317934215,51.48138247327189,47.4090146732157,45.15974422990909,48.09334109682867,21.26581828423675,21.2417137155304,34.5,0,45.87691140572726,27.25468859422616,50.0,21.9279010590183,21.6070989409817,60.75824683495016,129.892469526557,140.6620999999535,42.50753199976715,157.6315999999534,43.535,574.9869483611811
2025-07-01,2:00,30.74290196385661,29.8219987075562,40.45011529670212,37.79758238055874,51.6470318486442,47.35350329133848,45.20243809628037,48.10655861231131,21.18067693829964,21.24255506135109,34.5,0,46.89262748528097,26.11392251464918,50.0,21.67437488962295,21.31602511037705,60.5649006714128,129.8947295259051,140.6624999999302,42.42323199965074,157.5065499999301,42.99039999999999,574.0423121968289
2025-07-01,3:00,30.60427309394151,29.70644701813454,40.49779607120789,37.65017115400948,51.68938730003577,47.32024131125171,45.2187619361642,48.11009675249098,20.92105843855658,21.02217356097774,34.5,0,47.33931310078938,25.62088689911743,50.0,21.40273770054917,21.04306229945082,60.31072011207604,129.8373545252531,140.6490999999069,41.94323199953432,157.4601999999068,42.44579999999999,572.6464066366772
2025-07-01,4:00,30.61258772299257,29.69080025012638,40.51008878925865,37.5454227608847,51.70091797445784,47.31418103068035,45.23649917186556,48.1175197973377,21.07332407541546,21.19990861038718,34.5,0,48.02556588387367,24.87303411600983,50.0,21.13384145854958,20.76735854145041,60.30338797311896,129.7564295246012,140.6681999998836,42.27323268580264,157.3985999998835,41.90119999999999,572.3010501832899
2025-07-01,5:00,30.7115309376579,29.84785399040794,40.39962673646984,37.54630998956488,51.75799279791455,47.31239328400122,45.25061884863047,48.12848786722865,20.92047478568053,21.04695790000569,34.5,0,48.56449988217273,24.22715011768749,50.0,20.86017027135711,20.49642972864287,60.55938492806584,129.7039295239493,140.6914999998603,41.96743268568622,157.2916499998602,41.35659999999999,571.5704971374219
2025-07-01,6:00,30.29624139231642,29.44399773264358,40.29059139513013,37.54062440432008,51.81271552384714,47.30149480816964,45.25205683912178,48.12829835254567,20.68388857734242,20.74944410822738,34.5,0,49.0741087479317,23.6710912519052,50.0,20.58861835750839,20.2233816424916,59.74023912496001,129.6439313232974,140.6818499998371,41.43333268556979,157.2451999998369,40.81199999999998,569.5565531335011
2025-07-01,7:00,30.16575912750297,29.31293195873596,40.19898559744826,37.5357382712013,51.82027245399586,47.27225138265394,45.23230353298302,48.10524508417686,20.78393803409048,20.82849438593596,34.5,0,50.0,23.45965532860437,49.09969467120928,20.44043519153751,20.10236480846247,59.47869108623893,129.5549963226454,140.6097999998138,41.61243242002644,157.0593499998137,40.54279999999998,568.8580698285382
2025-07-01,8:00,30.71625697987322,29.87197412317482,40.16544387845632,37.50564682718695,51.83150561635023,47.29097983859735,45.23851107582066,48.11985908537255,20.91480508039769,20.89092733951233,34.5,0,47.99627582554882,24.75387417424158,50.0,20.36433226682578,19.90926773317419,60.58823110304804,129.5025963219935,140.6493499997906,41.80573241991003,157.2501499997904,40.27359999999997,570.0696598445326
2025-07-01,9:00,30.3860000525997,29.57760621524924,40.11924025545689,37.45296464653306,51.79606641935163,47.27674799825434,45.21232203126288,48.09482997025005,20.73042105002877,20.68201136976484,34.5,0,47.89975567879422,24.70409432097282,50.0,20.22816521577603,19.77623478422393,59.96360626784893,129.3682713213416,140.5838999997673,41.41243241979362,157.103849999767,40.00439999999996,568.4364600085183
2025-07-01,10:00,30.15771537713173,29.36343001063435,40.10023514956224,37.43360874160299,51.77442922952442,47.29060195525313,45.22228074221213,48.10071730227877,20.77022711262234,20.70143730705487,34.5,0,47.8577301603422,24.68241983940159,50.0,20.15250313862612,19.58269686137384,59.52114538776608,129.3082731206896,140.6135999997441,41.4716644196772,157.0401499997438,39.73519999999996,567.6900329276208
2025-07-01,11:00,29.85687818547341,29.09659542854308,40.0855290325577,37.42114997382144,51.73906911365857,47.29658231127427,45.22581203260884,48.09425565583769,20.87904276850983,20.80932165105097,34.5,0,47.84895560153237,24.67789439818814,50.0,20.05673689658667,19.40926310341328,58.9534736140165,129.2457481200377,140.6166499997208,41.6883644195608,157.0268499997205,39.46599999999995,566.9970861530562
2025-07-01,12:00,30.12637155631195,29.34916253042838,40.07760279076206,37.38842030295818,51.71864002566556,47.32029243567029,45.24331290274259,48.10509466128462,20.87905082398997,20.8051135954544,34.5,0,47.86300809041343,24.68514190928381,50.0,19.99807838041092,19.33582161958903,59.47553408674033,129.1846631193858,140.6686999996975,41.68416441944437,157.0481499996972,39.33389999999996,567.3951116249652
2025-07-01,13:00,30.33744974551506,29.55658247305477,40.05019350348218,37.35654590125296,51.68812871399873,47.29902382763802,45.23132554757835,48.08880062445785,20.8734969344355,20.80316748489244,34.5,0,47.78482875076311,24.64482124891084,50.0,19.95770321163675,19.24409678836321,59.89403221856983,129.0948681187339,140.6191499996742,41.67666441932795,156.929649999674,39.20179999999996,567.4161647559798
2025-07-01,14:00,30.09290224049235,29.32703942881412,40.02768515370514,37.32861611020375,51.66326182083176,47.28931541812445,45.22720824855933,48.08772633296715,20.92348838839091,20.85227603082062,34.5,0,47.77687886853172,24.64072113111898,50.0,19.85210282884073,19.21759717115924,59.41994166930647,129.0195630847407,140.6042499996509,41.77576441921153,156.9175999996507,39.06969999999997,566.8068191725604
2025-07-01,15:00,30.44165185853779,29.6790070134985,40.00237383526483,37.33242660912393,51.6389376397,47.29131175313328,45.22970478737824,48.09028345911613,20.82422137487527,20.75404304421983,34.5,0,46.60242792608057,25.72387207354675,50.0,19.73883700523774,19.19876299476224,60.12065887203629,128.9737380840888,140.6112999996276,41.57826441909511,156.8262999996273,38.93759999999997,567.047861374475
2025-07-01,16:00,30.35367636207907,29.57028626343076,39.97824023730008,37.29903764487392,51.59158567782063,47.27130829016405,45.20990764274379,48.06718406669654,20.7755538016485,20.71441061639886,34.5,0,43.12917470152591,29.20762529807809,50.0,19.67197142666401,19.13352857333597,59.92396262550983,128.8688635599946,140.5483999996044,41.48996441804736,156.836799999604,38.80549999999998,566.4734906027602
2025-07-01,17:00,30.24269292236276,29.4484498720559,39.98757661332895,37.28622791896365,51.54786225555597,47.27187301920936,45.21655629541407,48.07763468495767,20.93448848847965,20.8662759294513,34.5,0,41.92643773443277,30.44366226514796,50.0,19.62884905015595,19.04455094984403,59.69114279441867,128.8216667878486,140.5660639995811,41.80076441793095,156.8700999995807,38.67339999999999,566.42313799936
2025-07-01,18:00,30.05344771004993,29.29952945456461,39.88373910425262,37.4067312867997,51.45212139400231,47.2968193821828,45.24391197053968,48.10743264683535,20.82320484835811,20.75505957038775,34.5,0,42.49759361504995,29.95590638450751,50.0,19.5712356272273,18.9700643727727,59.35297716461454,128.7425917850546,140.6481639995578,41.57826441874586,156.9534999995575,38.54129999999999,565.8167973675303
2025-07-01,19:00,30.61309580542267,29.84296978787694,39.77463096054424,37.56847235620739,51.33232226550907,47.2864424632718,45.23632942086176,48.10079211540101,20.94181553608731,20.86894888254213,34.5,0,43.0150731674475,29.57737683208672,50.0,19.50974464904806,18.89945535095194,60.45606559329961,128.6754255822607,140.6235639995346,41.81076441862945,157.0924499995342,38.4092,567.0674695932585
2025-07-01,20:00,30.58114421696714,29.7739264243116,39.70789498783981,37.6428237078107,51.25310421145613,47.29902999721229,45.25314020582252,48.12129379647644,21.1208612335728,21.03740318494023,34.5,0,43.38486369598934,29.21233630352156,50.0,19.45016635539692,18.82693364460309,60.35507064127874,128.6038229071066,140.6734639995113,42.15826441851303,157.0971999995109,38.2771,567.1649219659205
2025-07-01,21:00,30.44234993357032,29.64389669461447,39.66552942297597,37.6748802430739,51.2034150382628,47.26051529459119,45.22182849440318,48.09162021049359,20.79274175990592,20.81552265849068,34.5,0,43.68115812855589,28.90604187093176,50.0,19.32589743414679,18.81910256585322,60.0862466281848,128.5438247043127,140.573963999488,41.6082644183966,157.0871999994877,38.14500000000001,566.0444997498697
2025-07-01,22:00,30.55438145396888,29.74103354704965,39.63721095736006,37.67876117176954,51.17225756810504,47.27169835386824,45.2343379543865,48.10582769120992,21.12141386071595,21.19435072240833,34.5,0,43.96882385574464,28.68152614371972,50.0,19.23614164890231,18.7767583510977,60.29541500101853,128.4882296972347,140.6118639994647,42.31576458312428,157.1503499994644,38.01290000000002,566.8745232803066
2025-07-01,23:00,30.59156418901063,29.79077761302995,39.60336721885398,37.66428586292681,51.1480765869554,47.27225215278565,45.23761210573012,48.10529974092563,21.07537115377398,21.17369529606998,34.5,0,44.1313578164751,28.40899218296603,50.0,19.29842646641204,18.87037353358798,60.38234180204059,128.4157296687362,140.6151639994414,42.24906644984396,157.0403499994411,38.16880000000002,566.8714519195033
